{"@context":{"@language":"en","@vocab":"https://schema.org/","citeAs":"cr:citeAs","column":"cr:column","conformsTo":"dct:conformsTo","cr":"http://mlcommons.org/croissant/","data":{"@id":"cr:data","@type":"@json"},"dataBiases":"cr:dataBiases","dataCollection":"cr:dataCollection","dataType":{"@id":"cr:dataType","@type":"@vocab"},"dct":"http://purl.org/dc/terms/","extract":"cr:extract","field":"cr:field","fileProperty":"cr:fileProperty","fileObject":"cr:fileObject","fileSet":"cr:fileSet","format":"cr:format","includes":"cr:includes","isEnumeration":"cr:isEnumeration","jsonPath":"cr:jsonPath","key":"cr:key","md5":"cr:md5","parentField":"cr:parentField","path":"cr:path","personalSensitiveInformation":"cr:personalSensitiveInformation","recordSet":"cr:recordSet","references":"cr:references","regex":"cr:regex","repeated":"cr:repeated","replace":"cr:replace","sc":"https://schema.org/","separator":"cr:separator","source":"cr:source","subField":"cr:subField","transform":"cr:transform","wd":"https://www.wikidata.org/wiki/"},"alternateName":"Containing labelled fruit images to train object detection systems.","conformsTo":"http://mlcommons.org/croissant/1.0","license":{"@type":"sc:CreativeWork","name":"CC0: Public Domain","url":"https://creativecommons.org/publicdomain/zero/1.0/"},"distribution":[{"contentUrl":"https://www.kaggle.com/api/v1/datasets/download/mbkinaci/fruit-images-for-object-detection?datasetVersionNumber=1","contentSize":"28.359 MB","md5":"JO4igGNLcqnifqFHmliPCw==","encodingFormat":"application/zip","@id":"archive.zip","@type":"cr:FileObject","name":"archive.zip","description":"Archive containing all the contents of the Fruit Images for Object Detection dataset"},{"includes":"*.jpg","containedIn":{"@id":"archive.zip"},"encodingFormat":"image/jpeg","@id":"image-jpeg_fileset","@type":"cr:FileSet","name":"image/jpeg files","description":"image/jpeg files contained in archive.zip"},{"includes":"*.xml","containedIn":{"@id":"archive.zip"},"encodingFormat":"text/xml","@id":"text-xml_fileset","@type":"cr:FileSet","name":"text/xml files","description":"text/xml files contained in archive.zip"}],"version":1,"keywords":["data type \u003E image","technique \u003E computer vision","subject \u003E health and fitness \u003E food","subject \u003E arts and entertainment"],"isAccessibleForFree":true,"includedInDataCatalog":{"@type":"sc:DataCatalog","name":"Kaggle","url":"https://www.kaggle.com"},"creator":{"@type":"sc:Person","name":"MuhammedBuyukkinaci","url":"/mbkinaci","image":"https://storage.googleapis.com/kaggle-avatars/thumbnails/612411-kg.png"},"publisher":{"@type":"sc:Organization","name":"Kaggle","url":"https://www.kaggle.com/organizations/kaggle","image":"https://storage.googleapis.com/kaggle-organizations/4/thumbnail.png"},"thumbnailUrl":"https://storage.googleapis.com/kaggle-datasets-images/34662/46346/f97788c54875ffad6b7bc41ae52a46b0/dataset-card.jpg?t=2018-07-01-20-33-31","dateModified":"2018-07-01T20:21:59.1","datePublished":"2018-07-01T20:21:59.1","@type":"sc:Dataset","name":"Fruit Images for Object Detection","url":"https://www.kaggle.com/datasets/mbkinaci/fruit-images-for-object-detection/versions/1","description":"### Project\nThis dataset is the data used in [this project](https://github.com/MuhammedBuyukkinaci/Fruit-Detector).\n\n### Context\n\nA different dataset for object detection. 240 images in train folder. 60 images in test folder.\n\n### Content\n\n3 different fruits:\n\nApple\n\nBanana\n\nOrange\n\n### Acknowledgements\n\n.xml files were created with [LabelImg][1]. It is super easy to label objects in images.\n\n\n### Inspiration\n\nI inspired from [EdjeElectronics][2] to make my project. \n\n\n  [1]: https://github.com/tzutalin/labelImg\n  [2]: https://github.com/EdjeElectronics"}